																																				
Z=  	0.0000																																			
M   	0.9	1.0	1.2	1.5	1.8	1.9	2.0	2.2	2.5	3.0	3.5	4.0	4.5	5.0	5.5	6.0	6.5	7.0	8.0	10.0	11.0	13.0	15.0	18.0	20.0	25.0	30.0	40.0	100.0	140.0	140.0	150.0	170.0	200.0	270.0	300.0
E   	0	0	0	0	0	0	0	0	0	0	0	0	0	0	0	0	0	0	0	0	1	1	1	1	1	1	1	1	1	1	9	16	28	44	49	50
Mrem	0.798	0.843	0.902	0.962	1.021	1.056	1.080	1.085	1.090	1.101	1.103	1.105	1.107	1.109	1.110	1.112	1.114	1.116	1.120	1.150	1.500	1.570	1.480	1.650	1.660	1.920	2.070	2.890	10.430	13.199	0.000	0.000	0.000	0.000	0.000	0.000
H   1	6.9896E-02	1.0357E-01	2.2939E-01	3.5521E-01	4.8104E-01	5.5653E-01	6.0685E-01	7.453E-01	8.7408E-01	1.1027E+00	0E+00	0E+00	0E+00	0E+00	0E+00	0E+00	0E+00	0E+00	0E+00	0E+00	5.8042E+00	6.5948E+00	7.5791E+00	8.4311E+00	8.7742E+00	1.0639E+01	1.1693E+01	1.4028E+01	2.6807E+01	3.15E+01	3.3277E+01	3.5654E+01	4.081E+01	3.725E+01	6.582E+01	7.585E+01
H   2	1.3781E-05	1.4395E-05	2.3915E-05	2.4692E-05	1.6727E-05	7.751E-06	1.861E-08	1.767E-08	1.4256E-08	6.3471E-18	0E+00	0E+00	0E+00	0E+00	0E+00	0E+00	0E+00	0E+00	0E+00	0E+00	1.8923E-16	1.4917E-16	1.693E-16	1.2831E-16	8.6589E-17	2.0198E-16	1.343E-16	3.461E-16	1.0105E-15	1.2545E-15	2.6613E-16	2.8514E-16	3.667E-05	2.038E-16	1.838E-13	2.4826E-13
He  3	8.1778E-06	2.5188E-05	4.1868E-05	4.3276E-05	2.941E-05	1.376E-05	2.7165E-07	2.6131E-07	2.1625E-07	2.1992E-08	0E+00	0E+00	0E+00	0E+00	0E+00	0E+00	0E+00	0E+00	0E+00	0E+00	3.9043E-05	4.1189E-05	4.0865E-05	3.3301E-05	4.7561E-05	2.1065E-04	2.0619E-04	2.5648E-05	1.5186E-05	1.1344E-05	2.5439E-05	2.7256E-05	1.122E-04	3.183E-05	3.955E-05	4.226E-05
He  4	3.1337E-02	5.1733E-02	1.1521E-01	1.7937E-01	2.4422E-01	2.8345E-01	3.0975E-01	4.1251E-01	5.2382E-01	7.7212E-01	0E+00	0E+00	0E+00	0E+00	0E+00	0E+00	0E+00	0E+00	0E+00	0E+00	3.4276E+00	4.0136E+00	4.4008E+00	5.4219E+00	5.9363E+00	8.0268E+00	9.5219E+00	1.1893E+01	3.079E+01	3.7729E+01	3.8927E+01	4.1708E+01	4.795E+01	4.903E+01	7.901E+01	8.9535E+01
Li  6	0E+00	0E+00	0E+00	0E+00	0E+00	0E+00	0E+00	0E+00	0E+00	0E+00	0E+00	0E+00	0E+00	0E+00	0E+00	0E+00	0E+00	0E+00	0E+00	0E+00	2.3047E-19	3.6536E-23	1.111E-22	4.3739E-23	3.6517E-21	2.6853E-21	1.1331E-22	7.5354E-22	1.8305E-19	2.4999E-19	1.7782E-19	1.9052E-19	3.928E-15	1.583E-20	9.328E-18	1.2597E-17
Li  7	7.4702E-11	1.9836E-10	3.6856E-10	4.611E-10	4.7597E-10	4.4761E-10	4.1317E-10	4.0654E-10	3.5094E-10	9.2799E-11	0E+00	0E+00	0E+00	0E+00	0E+00	0E+00	0E+00	0E+00	0E+00	0E+00	5.9255E-10	2.1747E-10	2.9423E-10	7.341E-11	2.7861E-10	5.6774E-09	2.36E-08	3.7587E-11	4.155E-10	5.5427E-10	2.7698E-10	2.9676E-10	5.766E-09	5.789E-10	5.522E-09	7.2574E-09
Be  9	0E+00	0E+00	0E+00	0E+00	0E+00	0E+00	0E+00	0E+00	0E+00	0E+00	0E+00	0E+00	0E+00	0E+00	0E+00	0E+00	0E+00	0E+00	0E+00	0E+00	3.3171E-23	1.7735E-20	3.2153E-22	1.0538E-22	4.4857E-23	1.2403E-17	1.2594E-20	5.3272E-20	4.4509E-18	6.0658E-18	8.1777E-22	8.7618E-22	1.291E-14	2.838E-18	4.396E-21	0E+00
B  10	0E+00	0E+00	0E+00	0E+00	0E+00	0E+00	0E+00	0E+00	0E+00	0E+00	0E+00	0E+00	0E+00	0E+00	0E+00	0E+00	0E+00	0E+00	0E+00	0E+00	1.4412E-18	2.9222E-21	8.3016E-20	3.9242E-21	1.5684E-19	2.865E-18	5.1808E-20	2.3653E-17	1.704E-17	1.4612E-17	1.1761E-14	1.2601E-14	6.64E-22	2.027E-14	3.622E-16	0E+00
B  11	0E+00	0E+00	0E+00	0E+00	0E+00	0E+00	0E+00	0E+00	0E+00	0E+00	0E+00	0E+00	0E+00	0E+00	0E+00	0E+00	0E+00	0E+00	0E+00	0E+00	2.7952E-15	2.9406E-16	3.2969E-16	7.1387E-16	6.5449E-17	9.4557E-16	3.2678E-15	3.0727E-14	7.4666E-10	1.0208E-09	6.3522E-14	6.8059E-14	8.212E-09	1.441E-12	7.461E-09	1.008E-08
C  12	6.4239E-05	2.8945E-04	4.9221E-04	5.3163E-04	4.0769E-04	2.5492E-04	1.204E-04	2.5649E-04	4.3631E-04	9.2715E-04	0E+00	0E+00	0E+00	0E+00	0E+00	0E+00	0E+00	0E+00	0E+00	0E+00	5.5262E-02	7.4066E-02	1.7161E-01	2.1849E-01	2.1055E-01	2.9357E-01	3.3746E-01	4.287E-01	1.0791E+00	1.3179E+00	5.9033E+00	6.325E+00	2.297E+00	4.241E+00	1.886E+00	1.0592E+00
C  13	1.2793E-05	5.6825E-05	9.7036E-05	1.0562E-04	8.2579E-05	5.3573E-05	2.791E-05	6.0038E-05	1.0255E-04	2.1871E-04	0E+00	0E+00	0E+00	0E+00	0E+00	0E+00	0E+00	0E+00	0E+00	0E+00	2.8662E-07	8.3905E-08	6.2053E-08	2.6273E-09	1.1376E-08	1.4655E-08	1.0202E-08	3.2148E-09	6.7138E-08	9.0611E-08	3.0411E-07	3.2583E-07	3.849E-07	3.491E-07	4.724E-04	6.3813E-04
N  14	1.4931E-04	6.1522E-04	1.3204E-03	1.9792E-03	2.5916E-03	2.9367E-03	3.1575E-03	6.394E-03	1.0638E-02	2.2146E-02	0E+00	0E+00	0E+00	0E+00	0E+00	0E+00	0E+00	0E+00	0E+00	0E+00	1.8322E-03	1.8322E-03	1.858E-03	1.8913E-04	5.4226E-05	5.9124E-04	1.6378E-06	5.8923E-07	8.8761E-05	1.2114E-04	1.3294E-02	1.4244E-02	1.039E-02	5.839E-04	1.263E-02	1.6859E-02
N  15	3.9376E-08	1.7956E-07	3.1128E-07	3.4815E-07	2.9019E-07	2.0989E-07	1.3738E-07	3.4626E-07	6.2756E-07	1.4074E-06	0E+00	0E+00	0E+00	0E+00	0E+00	0E+00	0E+00	0E+00	0E+00	0E+00	2.858E-04	6.3845E-08	6.8632E-08	2.3976E-08	1.1323E-08	1.1747E-07	1.6749E-08	6.2926E-07	9.0708E-05	1.2379E-04	5.7687E-07	6.1808E-07	4.813E-06	1.114E-06	1.844E-02	2.4914E-02
O  16	1.8097E-04	6.8035E-04	1.1345E-03	1.1799E-03	8.1675E-04	4.027E-04	4.4938E-05	8.6803E-05	1.4124E-04	2.8781E-04	0E+00	0E+00	0E+00	0E+00	0E+00	0E+00	0E+00	0E+00	0E+00	0E+00	1.1344E-01	4.4963E-01	7.7272E-01	1.3788E+00	2.1053E+00	2.791E+00	4.812E+00	8.382E+00	2.2637E+01	2.7872E+01	4.9523E+01	5.306E+01	4.423E+01	5.595E+01	4.431E+01	4.0223E+01
O  17	2.0418E-06	7.1365E-06	1.1867E-05	1.2276E-05	8.3635E-06	3.9411E-06	1.2851E-07	3.0052E-07	5.3046E-07	1.1641E-06	0E+00	0E+00	0E+00	0E+00	0E+00	0E+00	0E+00	0E+00	0E+00	0E+00	1.6812E-06	1.6944E-06	1.5681E-06	2.7915E-07	6.8299E-08	1.4892E-06	1.8829E-08	1.4216E-09	4.4355E-07	6.059E-07	3.6562E-05	3.9174E-05	4.546E-05	7.757E-07	1.503E-02	2.0306E-02
O  18	4.9576E-07	2.2866E-06	3.7985E-06	3.9214E-06	2.6553E-06	1.2288E-06	6.4682E-11	1.3197E-10	2.2031E-10	4.6013E-10	0E+00	0E+00	0E+00	0E+00	0E+00	0E+00	0E+00	0E+00	0E+00	0E+00	6.6569E-07	5.7921E-08	4.8937E-06	4.6303E-06	2.5246E-08	6.7454E-07	2.0647E-09	2.1284E-07	3.5035E-08	0E+00	2.3576E-07	2.526E-07	9.985E-03	1.054E-05	4.01E-04	5.3808E-04
F  19	2.1107E-07	9.7728E-07	1.6235E-06	1.6761E-06	1.135E-06	5.254E-07	2.6484E-10	5.9741E-10	1.0401E-09	2.256E-09	0E+00	0E+00	0E+00	0E+00	0E+00	0E+00	0E+00	0E+00	0E+00	0E+00	1.6106E-08	1.1701E-10	1.9716E-09	7.9096E-09	1.6245E-09	1.7101E-09	8.9387E-10	2.3819E-10	2.3685E-07	3.2374E-07	9.7515E-09	1.0448E-08	6.489E-07	9.477E-08	2.038E-06	2.7202E-06
Ne 20	7.534E-08	2.7101E-07	2.8295E-06	7.8336E-06	1.5283E-05	2.0927E-05	2.5179E-05	6.4252E-05	1.1693E-04	2.6311E-04	0E+00	0E+00	0E+00	0E+00	0E+00	0E+00	0E+00	0E+00	0E+00	0E+00	2.1786E-02	1.5286E-02	3.265E-01	4.9379E-01	9.1209E-01	5.3301E-01	8.5071E-01	3.0724E-01	1.9772E+00	2.5904E+00	3.158E+00	3.3836E+00	1.19E+00	3.748E+00	4.697E+00	5.0302E+00
Ne 21	1.572E-09	7.2806E-09	1.2252E-08	1.2972E-08	9.4419E-09	5.2835E-09	1.6611E-09	2.663E-09	3.9002E-09	7.0808E-09	0E+00	0E+00	0E+00	0E+00	0E+00	0E+00	0E+00	0E+00	0E+00	0E+00	4.9406E-07	5.4217E-07	3.7616E-05	9.1178E-05	4.2995E-05	1.3344E-05	5.5124E-05	1.084E-05	6.5422E-04	8.9048E-04	8.2179E-04	8.8049E-04	1.632E-04	2.001E-04	9.38E-04	1.1971E-03
Ne 22	1.4367E-06	6.6559E-06	1.1098E-05	1.1542E-05	7.9883E-06	3.9369E-06	4.3624E-07	1.9619E-06	4.08E-06	1.0093E-05	0E+00	0E+00	0E+00	0E+00	0E+00	0E+00	0E+00	0E+00	0E+00	0E+00	2.9077E-07	1.9846E-07	1.6064E-05	2.5736E-05	6.9231E-05	2.0155E-05	8.5699E-05	6.7483E-06	1.747E-03	2.386E-03	8.2971E-04	8.8897E-04	1.021E-03	2.251E-04	7.623E-04	9.509E-04
Na 23	3.8327E-08	1.7752E-07	4.0737E-07	6.5277E-07	9.1372E-07	1.0777E-06	1.1902E-06	3.9077E-06	7.6341E-06	1.8114E-05	0E+00	0E+00	0E+00	0E+00	0E+00	0E+00	0E+00	0E+00	0E+00	0E+00	1.3683E-05	1.4409E-04	2.447E-03	2.0781E-03	2.9023E-03	1.0266E-03	1.4159E-03	1.8427E-04	4.9877E-03	6.7516E-03	8.7489E-03	9.3738E-03	5.762E-03	6.999E-03	7.159E-03	7.2152E-03
Mg 24	4.6156E-08	2.1382E-07	3.7142E-07	4.1691E-07	3.5029E-07	2.5651E-07	1.7157E-07	2.3951E-07	3.1681E-07	4.9952E-07	0E+00	0E+00	0E+00	0E+00	0E+00	0E+00	0E+00	0E+00	0E+00	0E+00	2.8127E-02	8.6196E-02	6.8211E-02	1.569E-01	1.5026E-01	1.1972E-01	2.2647E-01	4.7787E-01	1.6986E+00	2.1469E+00	2.5751E+00	2.759E+00	1.943E+00	3.075E+00	4.778E+00	5.3759E+00
Mg 25	1.1716E-08	4.9699E-08	2.352E-07	5.5796E-07	1.018E-06	1.3599E-06	1.6152E-06	6.0824E-06	1.2246E-05	2.9664E-05	0E+00	0E+00	0E+00	0E+00	0E+00	0E+00	0E+00	0E+00	0E+00	0E+00	4.5274E-05	1.5594E-04	2.9789E-04	5.8257E-04	1.1642E-04	3.969E-05	2.438E-04	4.2824E-04	3.6693E-03	4.8595E-03	3.9856E-03	4.2703E-03	1.264E-03	1.268E-03	1.821E-02	2.4158E-02
Mg 26	3.0682E-09	6.4341E-09	7.4682E-07	2.2909E-06	4.6386E-06	6.433E-06	7.79E-06	2.7889E-05	5.5565E-05	1.3364E-04	0E+00	0E+00	0E+00	0E+00	0E+00	0E+00	0E+00	0E+00	0E+00	0E+00	3.5436E-05	7.1701E-05	3.9931E-04	8.7675E-04	2.384E-04	5.0899E-05	1.3161E-04	1.2643E-04	1.4203E-03	1.8954E-03	2.1622E-03	2.3166E-03	3.7488E-04	4.0675E-04	5.533E-03	7.3327E-03
Al 27	2.9791E-09	2.5667E-11	1.1623E-07	3.599E-07	7.3101E-07	1.0149E-06	1.2296E-06	3.3101E-06	6.1276E-06	1.3973E-05	0E+00	0E+00	0E+00	0E+00	0E+00	0E+00	0E+00	0E+00	0E+00	0E+00	7.2545E-04	3.7764E-03	1.3693E-03	3.1421E-03	1.3667E-03	8.0797E-04	2.6266E-03	1.4684E-02	2.9723E-02	3.5245E-02	2.6196E-02	2.8067E-02	2.038E-02	1.557E-02	8.621E-02	1.1101E-01
Si 28	6.7919E-09	2.5893E-12	5.3645E-08	1.6613E-07	3.3746E-07	4.6851E-07	5.6764E-07	9.2182E-07	1.3614E-06	2.4966E-06	0E+00	0E+00	0E+00	0E+00	0E+00	0E+00	0E+00	0E+00	0E+00	0E+00	2.0425E-02	8.038E-02	7.3241E-02	1.162E-01	9.938E-02	3.5086E-01	2.479E-01	1.0248E+00	2.6482E+00	3.2443E+00	4.4476E+00	4.7653E+00	1.616E+01	2.122E+01	2.695E+01	2.8962E+01
Si 29	7.8463E-10	1.2917E-13	1.1034E-08	3.4174E-08	6.9418E-08	9.6375E-08	1.1677E-07	2.0011E-07	3.0542E-07	5.8195E-07	0E+00	0E+00	0E+00	0E+00	0E+00	0E+00	0E+00	0E+00	0E+00	0E+00	1.2091E-04	7.4984E-04	2.3857E-04	4.4213E-04	1.8153E-04	2.7125E-04	5.8845E-04	2.602E-03	8.692E-03	1.0928E-02	2.075E-02	2.2232E-02	2.192E-02	1.412E-02	5.876E-02	7.4432E-02
Si 30	1.8762E-10	2.8788E-14	2.9016E-09	8.9863E-09	1.8254E-08	2.5343E-08	3.0705E-08	5.0971E-08	7.6322E-08	1.4228E-07	0E+00	0E+00	0E+00	0E+00	0E+00	0E+00	0E+00	0E+00	0E+00	0E+00	1.7249E-04	1.4221E-03	1.4923E-04	3.4464E-04	1.0965E-04	7.5352E-05	2.5487E-04	4.0635E-03	6.9797E-03	8.0506E-03	3.1007E-03	3.3222E-03	2.043E-04	9.665E-04	4.331E-02	5.8176E-02
P  31	1.4912E-09	3.2518E-13	4.5373E-08	1.4052E-07	2.8545E-07	3.963E-07	4.8015E-07	7.8123E-07	1.1552E-06	2.1216E-06	0E+00	0E+00	0E+00	0E+00	0E+00	0E+00	0E+00	0E+00	0E+00	0E+00	4.894E-05	4.8814E-04	5.6284E-05	1.3168E-04	8.0055E-05	8.4707E-05	1.1698E-04	1.6045E-03	2.6752E-03	3.0684E-03	2.1144E-03	2.2654E-03	4.027E-04	7.493E-04	3.101E-02	4.1634E-02
S  32	2.9696E-10	1.9222E-13	1.6257E-08	5.0348E-08	1.0227E-07	1.4199E-07	1.7203E-07	2.4094E-07	3.1957E-07	5.0601E-07	0E+00	0E+00	0E+00	0E+00	0E+00	0E+00	0E+00	0E+00	0E+00	0E+00	7.892E-03	2.3668E-02	3.2037E-02	4.0654E-02	5.3124E-02	1.85E-01	1.1566E-01	3.7264E-01	1.2589E+00	1.5843E+00	1.6848E+00	1.8051E+00	8.663E+00	1.31E+01	1.578E+01	1.6721E+01
S  33	4.231E-11	5.2732E-15	8.0264E-10	2.4858E-09	5.0495E-09	7.0104E-09	8.4937E-09	1.2556E-08	1.7377E-08	2.929E-08	0E+00	0E+00	0E+00	0E+00	0E+00	0E+00	0E+00	0E+00	0E+00	0E+00	1.5277E-05	8.9761E-05	7.5476E-05	1.0303E-04	1.9764E-04	2.7441E-04	1.651E-04	8.0975E-04	2.5178E-03	3.145E-03	5.9455E-03	6.3702E-03	1.221E-02	6.068E-03	3.382E-02	4.3563E-02
S  34	1.4879E-11	2.068E-14	4.8315E-10	1.4963E-09	3.0394E-09	4.2196E-09	5.1125E-09	8.9989E-09	1.3947E-08	2.7029E-08	0E+00	0E+00	0E+00	0E+00	0E+00	0E+00	0E+00	0E+00	0E+00	0E+00	4E-05	2.7936E-04	2.0151E-04	2.8451E-04	4.8955E-04	4.2378E-04	8.4176E-05	1.5936E-03	4.5324E-03	5.6116E-03	5.4061E-03	5.7922E-03	7.065E-04	1.085E-04	2.719E-02	3.6698E-02
S  36	0E+00	0E+00	0E+00	0E+00	0E+00	0E+00	0E+00	0E+00	0E+00	0E+00	0E+00	0E+00	0E+00	0E+00	0E+00	0E+00	0E+00	0E+00	0E+00	0E+00	1.5408E-09	1.4789E-08	1.4324E-09	5.3435E-09	2.5605E-09	3.4145E-10	7.0383E-10	3.1935E-08	1.4602E-07	1.8791E-07	4.6753E-08	5.0093E-08	6.776E-10	4.821E-10	7.981E-07	1.0781E-06
Cl 35	0E+00	0E+00	0E+00	0E+00	0E+00	0E+00	0E+00	0E+00	0E+00	0E+00	0E+00	0E+00	0E+00	0E+00	0E+00	0E+00	0E+00	0E+00	0E+00	0E+00	3.5995E-06	5.4833E-05	1.4645E-05	2.6438E-05	6.876E-05	5.4167E-05	2.2967E-05	2.1555E-04	3.9618E-04	4.6251E-04	5.8144E-04	6.2297E-04	3.045E-04	1.266E-04	1.874E-02	2.5275E-02
Cl 37	0E+00	0E+00	0E+00	0E+00	0E+00	0E+00	0E+00	0E+00	0E+00	0E+00	0E+00	0E+00	0E+00	0E+00	0E+00	0E+00	0E+00	0E+00	0E+00	0E+00	1.0321E-06	3.0427E-06	5.8256E-06	9.1176E-06	3.8625E-05	6.1146E-05	1.5368E-05	9.6556E-05	2.1415E-04	2.5733E-04	5.5284E-04	5.9233E-04	1.608E-03	8.106E-04	2.464E-02	3.3006E-02
Ar 36	0E+00	0E+00	0E+00	0E+00	0E+00	0E+00	0E+00	0E+00	0E+00	0E+00	0E+00	0E+00	0E+00	0E+00	0E+00	0E+00	0E+00	0E+00	0E+00	0E+00	1.4735E-03	3.243E-03	5.2821E-03	5.6692E-03	9.6689E-03	3.1E-02	1.9649E-02	4.8735E-02	1.8072E-01	2.2919E-01	2.1941E-01	2.3508E-01	1.419E+00	2.361E+00	2.602E+00	2.6866E+00
Ar 38	0E+00	0E+00	0E+00	0E+00	0E+00	0E+00	0E+00	0E+00	0E+00	0E+00	0E+00	0E+00	0E+00	0E+00	0E+00	0E+00	0E+00	0E+00	0E+00	0E+00	6.0462E-06	5.2278E-05	6.231E-05	1.7001E-04	3.8567E-04	3.5894E-04	3.4841E-05	1.1076E-03	1.5986E-03	1.7789E-03	3.2526E-03	3.4849E-03	8.338E-04	1.949E-05	3.902E-02	5.2712E-02
Ar 40	0E+00	0E+00	0E+00	0E+00	0E+00	0E+00	0E+00	0E+00	0E+00	0E+00	0E+00	0E+00	0E+00	0E+00	0E+00	0E+00	0E+00	0E+00	0E+00	0E+00	7.048E-12	8.0111E-11	1.7766E-11	3.9586E-11	1.0569E-10	1.7687E-11	4.6636E-12	1.295E-10	8.2513E-10	1.0806E-09	1.9268E-10	2.0644E-10	1.036E-11	4.287E-12	3.527E-09	4.7638E-09
K  39	0E+00	0E+00	0E+00	0E+00	0E+00	0E+00	0E+00	0E+00	0E+00	0E+00	0E+00	0E+00	0E+00	0E+00	0E+00	0E+00	0E+00	0E+00	0E+00	0E+00	1.8691E-06	5.0215E-06	7.8636E-06	1.9288E-05	4.4045E-05	6.2997E-05	1.3047E-05	1.1768E-04	2.1971E-04	2.5718E-04	7.4599E-04	7.9928E-04	5.029E-04	4.59E-05	3.196E-03	4.3019E-03
K  40	0E+00	0E+00	0E+00	0E+00	0E+00	0E+00	0E+00	0E+00	0E+00	0E+00	0E+00	0E+00	0E+00	0E+00	0E+00	0E+00	0E+00	0E+00	0E+00	0E+00	1.0196E-10	1.1388E-09	9.0974E-10	1.9639E-09	1.2968E-08	8.04E-09	9.9366E-10	1.0408E-08	1.8831E-08	2.1924E-08	3.119E-08	3.3418E-08	1.932E-08	1.618E-09	1.229E-08	1.6037E-08
K  41	0E+00	0E+00	0E+00	0E+00	0E+00	0E+00	0E+00	0E+00	0E+00	0E+00	0E+00	0E+00	0E+00	0E+00	0E+00	0E+00	0E+00	0E+00	0E+00	0E+00	2.3243E-07	3.5421E-07	8.0509E-07	1.7234E-06	9.466E-06	2.0768E-05	3.3875E-06	2.7967E-05	4.5234E-05	5.1575E-05	1.2618E-04	1.3519E-04	4.032E-04	1.947E-04	1.126E-03	1.453E-03
Ca 40	0E+00	0E+00	0E+00	0E+00	0E+00	0E+00	0E+00	0E+00	0E+00	0E+00	0E+00	0E+00	0E+00	0E+00	0E+00	0E+00	0E+00	0E+00	0E+00	0E+00	1.3925E-03	2.918E-03	4.4089E-03	4.396E-03	6.2173E-03	2.4798E-02	1.7356E-02	3.7307E-02	1.488E-01	1.8974E-01	1.757E-01	1.8825E-01	1.319E+00	2.316E+00	2.752E+00	2.9051E+00
Ca 42	0E+00	0E+00	0E+00	0E+00	0E+00	0E+00	0E+00	0E+00	0E+00	0E+00	0E+00	0E+00	0E+00	0E+00	0E+00	0E+00	0E+00	0E+00	0E+00	0E+00	1.4925E-07	9.7653E-07	1.2283E-06	3.6241E-06	1.2832E-05	7.4613E-06	8.6206E-07	2.1676E-05	3.5268E-05	4.0259E-05	8.0056E-05	8.5774E-05	2.452E-05	7.254E-07	1.085E-03	1.4657E-03
Ca 43	0E+00	0E+00	0E+00	0E+00	0E+00	0E+00	0E+00	0E+00	0E+00	0E+00	0E+00	0E+00	0E+00	0E+00	0E+00	0E+00	0E+00	0E+00	0E+00	0E+00	1.3686E-08	6.4614E-08	4.9295E-08	3.3865E-08	7.4294E-08	1.5796E-08	1.932E-09	9.6511E-09	2.2835E-08	2.7676E-08	6.6297E-08	7.1033E-08	1.136E-08	2.025E-07	1.544E-03	2.086E-03
Ca 44	0E+00	0E+00	0E+00	0E+00	0E+00	0E+00	0E+00	0E+00	0E+00	0E+00	0E+00	0E+00	0E+00	0E+00	0E+00	0E+00	0E+00	0E+00	0E+00	0E+00	1.712E-06	1.6814E-05	2.205E-05	1.4464E-05	1.453E-05	9.7924E-06	5.4417E-06	8.7118E-06	1.8801E-05	2.2506E-05	2.6454E-05	2.8344E-05	2.037E-04	4.717E-04	9.011E-03	1.2009E-02
Ca 46	0E+00	0E+00	0E+00	0E+00	0E+00	0E+00	0E+00	0E+00	0E+00	0E+00	0E+00	0E+00	0E+00	0E+00	0E+00	0E+00	0E+00	0E+00	0E+00	0E+00	2.8515E-13	1.0687E-12	1.7607E-12	9.2707E-12	1.3007E-10	2.7795E-11	6.0487E-13	5.1989E-12	1.1659E-10	1.5749E-10	2.0184E-11	2.1626E-11	1.413E-12	4.228E-12	4.766E-08	6.4391E-08
Ca 48	0E+00	0E+00	0E+00	0E+00	0E+00	0E+00	0E+00	0E+00	0E+00	0E+00	0E+00	0E+00	0E+00	0E+00	0E+00	0E+00	0E+00	0E+00	0E+00	0E+00	8.2224E-16	1.5458E-17	4.2126E-14	4.1232E-16	4.3964E-16	1.2636E-11	3.547E-16	1.3019E-17	7.8584E-15	1.0739E-14	4.1074E-12	4.4008E-12	1.539E-16	2.751E-12	1.307E-14	0E+00
Sc 45	0E+00	0E+00	0E+00	0E+00	0E+00	0E+00	0E+00	0E+00	0E+00	0E+00	0E+00	0E+00	0E+00	0E+00	0E+00	0E+00	0E+00	0E+00	0E+00	0E+00	1.8361E-08	2.1194E-08	4.0312E-08	5.5388E-08	2.5532E-07	6.1634E-07	1.5101E-07	5.8135E-07	1.4197E-06	1.7276E-06	2.5639E-06	2.747E-06	7.492E-06	8.101E-06	6.597E-04	8.8846E-04
Ti 46	0E+00	0E+00	0E+00	0E+00	0E+00	0E+00	0E+00	0E+00	0E+00	0E+00	0E+00	0E+00	0E+00	0E+00	0E+00	0E+00	0E+00	0E+00	0E+00	0E+00	8.6724E-08	6.2779E-06	2.713E-06	4.0624E-06	5.9834E-06	3.1791E-06	5.2831E-07	1.0792E-05	1.5625E-05	1.74E-05	3.1591E-05	3.3847E-05	1.35E-05	9.282E-07	7.756E-04	1.0476E-03
Ti 47	0E+00	0E+00	0E+00	0E+00	0E+00	0E+00	0E+00	0E+00	0E+00	0E+00	0E+00	0E+00	0E+00	0E+00	0E+00	0E+00	0E+00	0E+00	0E+00	0E+00	3.7295E-08	8.7624E-06	3.8635E-06	5.3007E-06	4.2557E-06	5.9029E-08	3.8034E-08	9.2987E-08	1.2986E-07	1.434E-07	1.6334E-07	1.7501E-07	3.035E-07	3.49E-06	7.576E-04	1.0224E-03
Ti 48	0E+00	0E+00	0E+00	0E+00	0E+00	0E+00	0E+00	0E+00	0E+00	0E+00	0E+00	0E+00	0E+00	0E+00	0E+00	0E+00	0E+00	0E+00	0E+00	0E+00	1.9996E-05	6.3384E-05	8.3868E-05	7.6528E-05	8.8559E-05	1.5537E-04	1.805E-04	2.4497E-04	3.6649E-04	4.1111E-04	3.3087E-05	3.545E-05	6.251E-03	1.148E-02	1.316E-02	1.375E-02
Ti 49	0E+00	0E+00	0E+00	0E+00	0E+00	0E+00	0E+00	0E+00	0E+00	0E+00	0E+00	0E+00	0E+00	0E+00	0E+00	0E+00	0E+00	0E+00	0E+00	0E+00	1.0334E-06	2.27E-06	3.3185E-06	2.9975E-06	3.9355E-06	7.0416E-06	8.8396E-06	1.2001E-05	2.8263E-05	3.4235E-05	3.9715E-06	4.2552E-06	1.89E-04	3.354E-04	6.297E-04	7.3302E-04
Ti 50	0E+00	0E+00	0E+00	0E+00	0E+00	0E+00	0E+00	0E+00	0E+00	0E+00	0E+00	0E+00	0E+00	0E+00	0E+00	0E+00	0E+00	0E+00	0E+00	0E+00	2.4584E-13	1.1807E-12	9.5517E-13	1.7164E-12	1.8314E-12	2.2393E-12	4.5877E-14	9.4133E-12	1.1734E-11	1.2586E-11	4.187E-12	4.4861E-12	4.479E-14	2.769E-12	1.593E-11	2.0551E-11
V  50	0E+00	0E+00	0E+00	0E+00	0E+00	0E+00	0E+00	0E+00	0E+00	0E+00	0E+00	0E+00	0E+00	0E+00	0E+00	0E+00	0E+00	0E+00	0E+00	0E+00	1.0046E-12	1.3545E-11	1.0472E-11	4.6045E-11	1.3586E-10	1.17E-10	2.6422E-12	6.5284E-10	1.5838E-10	0E+00	9.5835E-11	1.0268E-10	3.071E-11	8.221E-12	5.282E-10	7.1075E-10
V  51	0E+00	0E+00	0E+00	0E+00	0E+00	0E+00	0E+00	0E+00	0E+00	0E+00	0E+00	0E+00	0E+00	0E+00	0E+00	0E+00	0E+00	0E+00	0E+00	0E+00	1.0141E-06	1.6543E-05	1.0812E-05	1.2356E-05	1.1027E-05	9.0134E-06	1.0586E-05	1.7578E-05	3.115E-05	3.6134E-05	5.6375E-06	6.0402E-06	1.992E-04	1.308E-04	1.253E-03	1.647E-03
Cr 50	0E+00	0E+00	0E+00	0E+00	0E+00	0E+00	0E+00	0E+00	0E+00	0E+00	0E+00	0E+00	0E+00	0E+00	0E+00	0E+00	0E+00	0E+00	0E+00	0E+00	2.8359E-06	1.0364E-05	1.5514E-05	2.6418E-05	2.221E-05	4.8799E-05	3.8223E-05	1.7794E-04	2.9067E-04	3.3207E-04	1.0573E-04	1.1328E-04	4.818E-04	1.232E-04	6.641E-03	8.9293E-03
Cr 52	0E+00	0E+00	0E+00	0E+00	0E+00	0E+00	0E+00	0E+00	0E+00	0E+00	0E+00	0E+00	0E+00	0E+00	0E+00	0E+00	0E+00	0E+00	0E+00	0E+00	3.1987E-04	8.7976E-04	1.0851E-03	1.1282E-03	1.3628E-03	2.7679E-03	3.1211E-03	3.9485E-03	4.6332E-03	4.8846E-03	2.3875E-04	2.558E-04	1.335E-01	1.795E-01	2.561E-01	2.8299E-01
Cr 53	0E+00	0E+00	0E+00	0E+00	0E+00	0E+00	0E+00	0E+00	0E+00	0E+00	0E+00	0E+00	0E+00	0E+00	0E+00	0E+00	0E+00	0E+00	0E+00	0E+00	2.2529E-05	4.9562E-05	6.7577E-05	6.4261E-05	8.2788E-05	1.5028E-04	1.8178E-04	2.6055E-04	4.8386E-04	5.6586E-04	2.8133E-05	3.0142E-05	5.56E-03	6.882E-03	2.902E-02	3.6792E-02
Cr 54	0E+00	0E+00	0E+00	0E+00	0E+00	0E+00	0E+00	0E+00	0E+00	0E+00	0E+00	0E+00	0E+00	0E+00	0E+00	0E+00	0E+00	0E+00	0E+00	0E+00	1.3807E-10	2.345E-10	4.1327E-10	3.2483E-09	3.1781E-09	9.3243E-09	1.7198E-10	8.5911E-08	1.1402E-08	0E+00	3.7481E-09	4.0158E-09	6.95E-09	5.898E-11	4.016E-06	5.4259E-06
Mn 55	0E+00	0E+00	0E+00	0E+00	0E+00	0E+00	0E+00	0E+00	0E+00	0E+00	0E+00	0E+00	0E+00	0E+00	0E+00	0E+00	0E+00	0E+00	0E+00	0E+00	5.4642E-05	1.3285E-04	1.8547E-04	1.7391E-04	2.2569E-04	4.3031E-04	5.1575E-04	7.1501E-04	1.4078E-03	1.6622E-03	2.5565E-04	2.7391E-04	1.795E-02	8.977E-03	2.613E-01	3.4989E-01
Fe 54	0E+00	0E+00	0E+00	0E+00	0E+00	0E+00	0E+00	0E+00	0E+00	0E+00	0E+00	0E+00	0E+00	0E+00	0E+00	0E+00	0E+00	0E+00	0E+00	0E+00	2.844E-04	7.292E-04	1.2358E-03	1.4003E-03	1.4165E-03	3.3068E-03	4.0901E-03	9.2991E-03	3.2767E-02	4.1385E-02	3.6497E-03	3.9104E-03	1.089E-01	2.332E-02	5.676E+00	7.6605E+00
Fe 56	0E+00	0E+00	0E+00	0E+00	0E+00	0E+00	0E+00	0E+00	0E+00	0E+00	0E+00	0E+00	0E+00	0E+00	0E+00	0E+00	0E+00	0E+00	0E+00	0E+00	1.0001E-02	7.0001E-02	7.0002E-02	7.0009E-02	7.0008E-02	7.0024E-02	7.0004E-02	7.0201E-02	7.0106E-02	7.0071E-02	4.9312E-03	5.2834E-03	3.63E+00	7.249E+00	1.046E+01	1.1587E+01
Fe 57	0E+00	0E+00	0E+00	0E+00	0E+00	0E+00	0E+00	0E+00	0E+00	0E+00	0E+00	0E+00	0E+00	0E+00	0E+00	0E+00	0E+00	0E+00	0E+00	0E+00	1.7821E-04	9.9652E-04	1.1354E-03	8.7784E-04	8.6735E-04	4.6684E-04	4.8274E-04	5.0135E-04	9.358E-04	1.0953E-03	6.5642E-05	7.0331E-05	1.768E-02	8.856E-02	2.978E-01	3.7126E-01
Fe 58	0E+00	0E+00	0E+00	0E+00	0E+00	0E+00	0E+00	0E+00	0E+00	0E+00	0E+00	0E+00	0E+00	0E+00	0E+00	0E+00	0E+00	0E+00	0E+00	0E+00	8.1525E-11	5.6742E-11	1.7611E-10	8.0675E-10	1.0493E-09	2.3079E-09	2.2613E-10	1.4061E-08	8.0762E-09	5.8785E-09	5.0047E-09	5.3622E-09	1.137E-08	8.554E-10	3.447E-05	4.6571E-05
Co 59	0E+00	0E+00	0E+00	0E+00	0E+00	0E+00	0E+00	0E+00	0E+00	0E+00	0E+00	0E+00	0E+00	0E+00	0E+00	0E+00	0E+00	0E+00	0E+00	0E+00	2.1381E-06	1.7563E-04	1.3195E-04	1.6102E-04	1.4955E-04	1.5658E-05	2.473E-06	1.8748E-06	3.0512E-06	3.4832E-06	2.1739E-06	2.3292E-06	1.422E-05	2.465E-03	1.778E-02	2.3157E-02
Ni 58	0E+00	0E+00	0E+00	0E+00	0E+00	0E+00	0E+00	0E+00	0E+00	0E+00	0E+00	0E+00	0E+00	0E+00	0E+00	0E+00	0E+00	0E+00	0E+00	0E+00	1.0067E-04	3.8544E-04	4.1368E-04	3.8317E-04	3.7786E-04	2.9321E-04	3.8241E-04	5.7377E-04	2.4991E-03	3.2061E-03	4.0565E-04	4.3462E-04	1.18E-02	6.394E-02	3.785E+00	5.0914E+00
Ni 60	0E+00	0E+00	0E+00	0E+00	0E+00	0E+00	0E+00	0E+00	0E+00	0E+00	0E+00	0E+00	0E+00	0E+00	0E+00	0E+00	0E+00	0E+00	0E+00	0E+00	9.1215E-05	2.1245E-03	1.6157E-03	1.5705E-03	1.3352E-03	1.4791E-04	3.6021E-06	4.3771E-06	3.2475E-06	2.8327E-06	3.854E-06	4.1293E-06	1.475E-05	2.27E-02	1.593E-01	2.0726E-01
Ni 61	0E+00	0E+00	0E+00	0E+00	0E+00	0E+00	0E+00	0E+00	0E+00	0E+00	0E+00	0E+00	0E+00	0E+00	0E+00	0E+00	0E+00	0E+00	0E+00	0E+00	3.5132E-06	3.6114E-05	3.1375E-05	2.1185E-05	1.8506E-05	5.7736E-07	6.0412E-09	1.3203E-09	7.1886E-10	4.98E-10	8.8629E-10	9.496E-10	2.915E-09	8.263E-04	2.826E-05	0E+00
Ni 62	0E+00	0E+00	0E+00	0E+00	0E+00	0E+00	0E+00	0E+00	0E+00	0E+00	0E+00	0E+00	0E+00	0E+00	0E+00	0E+00	0E+00	0E+00	0E+00	0E+00	1.4378E-05	1.9391E-05	1.5115E-05	1.3461E-05	1.1862E-05	3.8834E-07	1.6375E-09	5.3629E-10	5.6119E-10	5.7033E-10	1.459E-10	1.5632E-10	9.618E-10	4.245E-03	1.708E-05	0E+00
Ni 64	0E+00	0E+00	0E+00	0E+00	0E+00	0E+00	0E+00	0E+00	0E+00	0E+00	0E+00	0E+00	0E+00	0E+00	0E+00	0E+00	0E+00	0E+00	0E+00	0E+00	1.5155E-14	3.828E-15	9.9737E-14	1.0859E-14	6.1025E-14	3.2741E-12	3.2639E-14	7.7076E-15	3.4848E-13	4.7362E-13	1.8361E-11	1.9673E-11	5.968E-15	1.358E-11	1.203E-11	1.1486E-11
Cu 63	0E+00	0E+00	0E+00	0E+00	0E+00	0E+00	0E+00	0E+00	0E+00	0E+00	0E+00	0E+00	0E+00	0E+00	0E+00	0E+00	0E+00	0E+00	0E+00	0E+00	1.3315E-08	4.8886E-06	3.5425E-06	3.9159E-06	3.4381E-06	1.2322E-07	2.3712E-10	2.0641E-11	1.0847E-11	7.2505E-12	6.7865E-11	7.2713E-11	2.862E-11	2.161E-05	8.094E-07	0E+00
Cu 65	0E+00	0E+00	0E+00	0E+00	0E+00	0E+00	0E+00	0E+00	0E+00	0E+00	0E+00	0E+00	0E+00	0E+00	0E+00	0E+00	0E+00	0E+00	0E+00	0E+00	1.5242E-08	2.1381E-07	2.4191E-07	1.6263E-07	1.416E-07	7.7896E-09	1.0287E-12	1.3003E-13	1.008E-12	1.3304E-12	8.1399E-11	8.7213E-11	3.317E-13	1.872E-06	8.436E-09	0E+00
Zn 64	0E+00	0E+00	0E+00	0E+00	0E+00	0E+00	0E+00	0E+00	0E+00	0E+00	0E+00	0E+00	0E+00	0E+00	0E+00	0E+00	0E+00	0E+00	0E+00	0E+00	5.1243E-07	1.25E-04	1.2161E-04	9.5027E-05	8.2929E-05	2.5432E-06	3.0229E-10	4.3554E-11	1.2075E-11	5.1557E-13	1.2182E-10	1.3052E-10	1.117E-10	1.419E-04	5.897E-06	0E+00
Zn 66	0E+00	0E+00	0E+00	0E+00	0E+00	0E+00	0E+00	0E+00	0E+00	0E+00	0E+00	0E+00	0E+00	0E+00	0E+00	0E+00	0E+00	0E+00	0E+00	0E+00	2.1114E-07	6.8444E-07	1.0684E-06	5.0465E-07	4.2431E-07	1.5851E-08	3.528E-12	5.1403E-13	3.4852E-12	4.5762E-12	1.6849E-10	1.8052E-10	1.885E-11	4.107E-05	2.257E-08	0E+00
Zn 67	0E+00	0E+00	0E+00	0E+00	0E+00	0E+00	0E+00	0E+00	0E+00	0E+00	0E+00	0E+00	0E+00	0E+00	0E+00	0E+00	0E+00	0E+00	0E+00	0E+00	1.5173E-10	1.6221E-08	2.3343E-08	1.2967E-08	1.0494E-08	2.16E-10	6.3065E-13	8.4727E-14	1.1532E-12	1.5456E-12	7.7256E-11	8.2774E-11	1.742E-13	4.517E-08	6.145E-09	0E+00
Zn 68	0E+00	0E+00	0E+00	0E+00	0E+00	0E+00	0E+00	0E+00	0E+00	0E+00	0E+00	0E+00	0E+00	0E+00	0E+00	0E+00	0E+00	0E+00	0E+00	0E+00	3.2868E-11	2.9415E-08	3.2449E-08	4.0171E-08	3.4282E-08	8.0506E-10	1.2955E-12	2.6202E-13	1.6782E-12	2.1982E-12	1.4477E-10	1.5511E-10	3.459E-12	9.072E-09	6.217E-09	5.2147E-09
Zn 70	0E+00	0E+00	0E+00	0E+00	0E+00	0E+00	0E+00	0E+00	0E+00	0E+00	0E+00	0E+00	0E+00	0E+00	0E+00	0E+00	0E+00	0E+00	0E+00	0E+00	1.6631E-14	6.9427E-16	3.5869E-14	6.5876E-15	2.5128E-14	3.9651E-14	1.8572E-14	4.4526E-16	1.3386E-13	1.8285E-13	2.2407E-11	2.4008E-11	2.282E-15	1.398E-11	1.692E-12	0E+00
Ga 69	0E+00	0E+00	0E+00	0E+00	0E+00	0E+00	0E+00	0E+00	0E+00	0E+00	0E+00	0E+00	0E+00	0E+00	0E+00	0E+00	0E+00	0E+00	0E+00	0E+00	2.9931E-11	7.8127E-09	5.6187E-09	6.1007E-09	4.9269E-09	8.7441E-11	5.0643E-13	4.2579E-15	6.9739E-13	9.5192E-13	7.7833E-11	8.3393E-11	9.034E-14	3.048E-09	3.784E-10	0E+00
Ga 71	0E+00	0E+00	0E+00	0E+00	0E+00	0E+00	0E+00	0E+00	0E+00	0E+00	0E+00	0E+00	0E+00	0E+00	0E+00	0E+00	0E+00	0E+00	0E+00	0E+00	1.6592E-14	8.5252E-15	1.1228E-13	1.8366E-14	9.2109E-14	2.2388E-13	2.3366E-14	1.3612E-15	1.2185E-13	1.6609E-13	3.2049E-11	3.4338E-11	7.908E-15	2.864E-11	2.183E-11	1.9439E-11
Ge 70	0E+00	0E+00	0E+00	0E+00	0E+00	0E+00	0E+00	0E+00	0E+00	0E+00	0E+00	0E+00	0E+00	0E+00	0E+00	0E+00	0E+00	0E+00	0E+00	0E+00	4.2947E-10	8.9918E-09	6.5694E-09	4.8021E-09	3.9314E-09	6.8437E-12	2.1921E-12	1.8868E-12	9.1826E-12	1.1862E-11	1.4214E-10	1.5229E-10	3.578E-11	5.377E-08	1.174E-08	0E+00
Ge 72	0E+00	0E+00	0E+00	0E+00	0E+00	0E+00	0E+00	0E+00	0E+00	0E+00	0E+00	0E+00	0E+00	0E+00	0E+00	0E+00	0E+00	0E+00	0E+00	0E+00	1.5686E-14	1.7256E-14	8.024E-13	5.7395E-13	3.3327E-13	1.3019E-13	8.3174E-13	4.61E-14	5.6744E-13	7.5888E-13	5.7311E-11	6.1405E-11	1.514E-12	3.197E-11	1.222E-11	5.2862E-12
Ge 73	0E+00	0E+00	0E+00	0E+00	0E+00	0E+00	0E+00	0E+00	0E+00	0E+00	0E+00	0E+00	0E+00	0E+00	0E+00	0E+00	0E+00	0E+00	0E+00	0E+00	3.0595E-14	1.555E-14	1.189E-13	1.0886E-13	1.6644E-13	1.3871E-13	9.1273E-14	2.944E-15	2.3333E-13	3.1793E-13	3.1969E-11	3.4253E-11	9.534E-14	2.767E-11	4.086E-11	4.5491E-11
Ge 74	0E+00	0E+00	0E+00	0E+00	0E+00	0E+00	0E+00	0E+00	0E+00	0E+00	0E+00	0E+00	0E+00	0E+00	0E+00	0E+00	0E+00	0E+00	0E+00	0E+00	6.3389E-15	4.13E-15	1.1946E-13	4.871E-14	1.0024E-13	2.548E-13	2.9716E-14	8.3469E-16	2.4175E-13	3.3022E-13	2.0096E-11	2.1531E-11	1.042E-14	1.363E-11	2.641E-12	0E+00